

INSERT INTO Restaurant.Menu (Menu_ID, Menu_Name, Menu_Price) VALUES
(1, 'Burger', 25000),
(2, 'Pizza', 75000),
(3, 'Pasta', 45000),
(4, 'Salad', 30000),
(5, 'Sushi', 60000),
(6, 'Steak', 120000),
(7, 'Ramen', 50000),
(8, 'Ice Cream', 20000),
(9, 'Coffee', 15000),
(10, 'Tea', 10000),
(11, 'Juice', 25000),
(12, 'Smoothie', 30000),
(13, 'Fries', 20000),
(14, 'Tacos', 40000),
(15, 'Nachos', 35000);


INSERT INTO Restaurant.Positions (Position_ID, Position_Name, Salary) VALUES
('POS01', 'Manager', 8000000),
('POS02', 'Cashier', 4000000),
('POS03', 'Kitchen', 4500000),
('POS04', 'Waiters', 3500000);


INSERT INTO Restaurant.Employee (Employee_ID, Position_ID, Employee_Name, Phone_Number) VALUES
('EMP001', 'POS01', 'Andi Manager', '081234567891'),
('EMP002', 'POS02', 'Budi Cashier', '081234567892'),
('EMP003', 'POS02', 'Citra Cashier', '081234567893'),
('EMP004', 'POS02', 'Dewi Cashier', '081234567894'),
('EMP005', 'POS03', 'Eka Kitchen', '081234567895'),
('EMP006', 'POS03', 'Faisal Kitchen', '081234567896'),
('EMP007', 'POS03', 'Gita Kitchen', '081234567897'),
('EMP008', 'POS04', 'Hadi Waiters', '081234567898'),
('EMP009', 'POS04', 'Indah Waiters', '081234567899'),
('EMP010', 'POS04', 'Joko Waiters', '081234567800');

INSERT INTO Restaurant.Customer (Customer_ID, Customer_Name, Address, Subdistrict, City, Province, Phone_Number) VALUES
('CUS001', 'Alice', 'Jl. Mawar No.1', 'Kuta', 'Denpasar', 'Bali', '081234510001'),
('CUS002', 'Bob', 'Jl. Melati No.2', 'Sukajadi', 'Bandung', 'Jawa Barat', '081234510002'),
('CUS003', 'Charlie', 'Jl. Anggrek No.3', 'Depok', 'Sleman', 'Yogyakarta', '081234510003'),
('CUS004', 'Diana', 'Jl. Kenanga No.4', 'Pasar Minggu', 'Jakarta Selatan', 'DKI Jakarta', '081234510004'),
('CUS005', 'Evan', 'Jl. Flamboyan No.5', 'Rungkut', 'Surabaya', 'Jawa Timur', '081234510005'),
('CUS006', 'Fiona', 'Jl. Mawar No.6', 'Panakkukang', 'Makassar', 'Sulawesi Selatan', '081234510006'),
('CUS007', 'George', 'Jl. Sakura No.7', 'Kedungkandang', 'Malang', 'Jawa Timur', '081234510007'),
('CUS008', 'Hanna', 'Jl. Melur No.8', 'Merdeka', 'Medan', 'Sumatera Utara', '081234510008'),
('CUS009', 'Ian', 'Jl. Cemara No.9', 'Tugu', 'Semarang', 'Jawa Tengah', '081234510009'),
('CUS010', 'Jack', 'Jl. Pinus No.10', 'Pondok Aren', 'Tangerang', 'Banten', '081234510010'),
('CUS011', 'Karen', 'Jl. Dahlia No.11', 'Cilandak', 'Jakarta Selatan', 'DKI Jakarta', '081234510011'),
('CUS012', 'Leo', 'Jl. Seruni No.12', 'Laweyan', 'Solo', 'Jawa Tengah', '081234510012'),
('CUS013', 'Maya', 'Jl. Kemuning No.13', 'Tugu', 'Yogyakarta', 'DI Yogyakarta', '081234510013'),
('CUS014', 'Nathan', 'Jl. Akasia No.14', 'Wonokromo', 'Surabaya', 'Jawa Timur', '081234510014'),
('CUS015', 'Olivia', 'Jl. Bunga No.15', 'Kuta', 'Denpasar', 'Bali', '081234510015'),
('CUS016', 'Peter', 'Jl. Lili No.16', 'Tembalang', 'Semarang', 'Jawa Tengah', '081234510016'),
('CUS017', 'Quinn', 'Jl. Anggrek No.17', 'Sukajadi', 'Bandung', 'Jawa Barat', '081234510017'),
('CUS018', 'Rachel', 'Jl. Melati No.18', 'Panakkukang', 'Makassar', 'Sulawesi Selatan', '081234510018'),
('CUS019', 'Steve', 'Jl. Mawar No.19', 'Merdeka', 'Medan', 'Sumatera Utara', '081234510019'),
('CUS020', 'Tina', 'Jl. Cemara No.20', 'Kedungkandang', 'Malang', 'Jawa Timur', '081234510020'),
('CUS021', 'Uma', 'Jl. Pinus No.21', 'Cilandak', 'Jakarta Selatan', 'DKI Jakarta', '081234510021'),
('CUS022', 'Victor', 'Jl. Dahlia No.22', 'Laweyan', 'Solo', 'Jawa Tengah', '081234510022'),
('CUS023', 'Wendy', 'Jl. Seruni No.23', 'Tugu', 'Yogyakarta', 'DI Yogyakarta', '081234510023'),
('CUS024', 'Xander', 'Jl. Kemuning No.24', 'Wonokromo', 'Surabaya', 'Jawa Timur', '081234510024'),
('CUS025', 'Yasmine', 'Jl. Akasia No.25', 'Pondok Aren', 'Tangerang', 'Banten', '081234510025'),
('CUS026', 'Zack', 'Jl. Sakura No.26', 'Rungkut', 'Surabaya', 'Jawa Timur', '081234510026'),
('CUS027', 'Aria', 'Jl. Flamboyan No.27', 'Pasar Minggu', 'Jakarta Selatan', 'DKI Jakarta', '081234510027'),
('CUS028', 'Ben', 'Jl. Mawar No.28', 'Sukajadi', 'Bandung', 'Jawa Barat', '081234510028'),
('CUS029', 'Cecilia', 'Jl. Melati No.29', 'Kuta', 'Denpasar', 'Bali', '081234510029'),
('CUS030', 'David', 'Jl. Anggrek No.30', 'Panakkukang', 'Makassar', 'Sulawesi Selatan', '081234510030'),
('CUS031', 'Emma', 'Jl. Kenanga No.31', 'Tugu', 'Semarang', 'Jawa Tengah', '081234510031'),
('CUS032', 'Frank', 'Jl. Flamboyan No.32', 'Merdeka', 'Medan', 'Sumatera Utara', '081234510032'),
('CUS033', 'Gina', 'Jl. Cemara No.33', 'Tembalang', 'Semarang', 'Jawa Tengah', '081234510033'),
('CUS034', 'Harry', 'Jl. Pinus No.34', 'Pondok Aren', 'Tangerang', 'Banten', '081234510034'),
('CUS035', 'Isabel', 'Jl. Melur No.35', 'Kedungkandang', 'Malang', 'Jawa Timur', '081234510035'),
('CUS036', 'Justin', 'Jl. Dahlia No.36', 'Cilandak', 'Jakarta Selatan', 'DKI Jakarta', '081234510036'),
('CUS037', 'Kylie', 'Jl. Seruni No.37', 'Laweyan', 'Solo', 'Jawa Tengah', '081234510037'),
('CUS038', 'Liam', 'Jl. Kemuning No.38', 'Tugu', 'Yogyakarta', 'DI Yogyakarta', '081234510038'),
('CUS039', 'Mila', 'Jl. Akasia No.39', 'Wonokromo', 'Surabaya', 'Jawa Timur', '081234510039'),
('CUS040', 'Noah', 'Jl. Anggrek No.40', 'Rungkut', 'Surabaya', 'Jawa Timur', '081234510040'),
('CUS041', 'Olga', 'Jl. Flamboyan No.41', 'Sukajadi', 'Bandung', 'Jawa Barat', '081234510041'),
('CUS042', 'Paul', 'Jl. Mawar No.42', 'Pasar Minggu', 'Jakarta Selatan', 'DKI Jakarta', '081234510042'),
('CUS043', 'Queenie', 'Jl. Melati No.43', 'Kuta', 'Denpasar', 'Bali', '081234510043'),
('CUS044', 'Ricky', 'Jl. Kenanga No.44', 'Panakkukang', 'Makassar', 'Sulawesi Selatan', '081234510044'),
('CUS045', 'Sophia', 'Jl. Sakura No.45', 'Tembalang', 'Semarang', 'Jawa Tengah', '081234510045'),
('CUS046', 'Tony', 'Jl. Cemara No.46', 'Merdeka', 'Medan', 'Sumatera Utara', '081234510046'),
('CUS047', 'Ursula', 'Jl. Seruni No.47', 'Kedungkandang', 'Malang', 'Jawa Timur', '081234510047'),
('CUS048', 'Victor', 'Jl. Melur No.48', 'Pondok Aren', 'Tangerang', 'Banten', '081234510048'),
('CUS049', 'Wanda', 'Jl. Dahlia No.49', 'Laweyan', 'Solo', 'Jawa Tengah', '081234510049'),
('CUS050', 'Xenia', 'Jl. Kemuning No.50', 'Tugu', 'Yogyakarta', 'DI Yogyakarta', '081234510050'),
('CUS051', 'Yogi', 'Jl. Akasia No.51', 'Wonokromo', 'Surabaya', 'Jawa Timur', '081234510051');


INSERT INTO Restaurant.Feedback (Feedback_ID, Customer_ID, Rating, Description) VALUES
('FDB001', 'CUS001', 5, 'Excellent service and delicious food.'),
('FDB002', 'CUS002', 4, 'Great food, but the service was a bit slow.'),
('FDB003', 'CUS003', 3, 'Average experience, could be improved.'),
('FDB004', 'CUS004', 5, 'Loved the ambiance and the food.'),
('FDB005', 'CUS005', 2, 'Food was cold when served, needs improvement.'),
('FDB006', 'CUS006', 4, 'Good value for money.'),
('FDB007', 'CUS007', 5, 'Exceptional service and friendly staff.'),
('FDB008', 'CUS008', 3, 'Food was okay, but the place was too crowded.'),
('FDB009', 'CUS009', 4, 'Great flavors, but portion size is small.'),
('FDB010', 'CUS010', 5, 'Best dining experience I have had in a while.'),
('FDB011', 'CUS011', 3, 'Service was slow, but the food was worth it.'),
('FDB012', 'CUS012', 5, 'Highly recommend for family gatherings.');


INSERT INTO Restaurant.Receipt (Receipt_ID, Employee_ID, Customer_ID, Total_Amount, Payment, Change_Amount, Date, Time) VALUES
(1, 'EMP001', 'CUS001', 150000, 150000, 0, '2024-11-01', '10:00:00'),
(2, 'EMP002', 'CUS002', 200000, 200000, 0, '2024-11-01', '10:15:00'),
(3, 'EMP003', 'CUS003', 180000, 180000, 0, '2024-11-01', '10:30:00'),
(4, 'EMP004', 'CUS004', 220000, 220000, 0, '2024-11-01', '10:45:00'),
(5, 'EMP001', 'CUS005', 250000, 250000, 0, '2024-11-01', '11:00:00'),
(6, 'EMP002', 'CUS006', 210000, 210000, 0, '2024-11-01', '11:15:00'),
(7, 'EMP003', 'CUS007', 230000, 230000, 0, '2024-11-01', '11:30:00'),
(8, 'EMP004', 'CUS008', 190000, 190000, 0, '2024-11-01', '11:45:00'),
(9, 'EMP001', 'CUS009', 270000, 270000, 0, '2024-11-01', '12:00:00'),
(10, 'EMP002', 'CUS010', 260000, 260000, 0, '2024-11-01', '12:15:00'),
(11, 'EMP003', 'CUS011', 280000, 280000, 0, '2024-11-01', '12:30:00'),
(12, 'EMP004', 'CUS012', 240000, 240000, 0, '2024-11-01', '12:45:00'),
(13, 'EMP001', 'CUS013', 190000, 190000, 0, '2024-11-01', '13:00:00'),
(14, 'EMP002', 'CUS014', 220000, 220000, 0, '2024-11-01', '13:15:00'),
(15, 'EMP003', 'CUS015', 250000, 250000, 0, '2024-11-01', '13:30:00'),
(16, 'EMP004', 'CUS016', 210000, 210000, 0, '2024-11-01', '13:45:00'),
(17, 'EMP001', 'CUS017', 230000, 230000, 0, '2024-11-01', '14:00:00'),
(18, 'EMP002', 'CUS018', 240000, 240000, 0, '2024-11-01', '14:15:00'),
(19, 'EMP003', 'CUS019', 250000, 250000, 0, '2024-11-01', '14:30:00'),
(20, 'EMP004', 'CUS020', 180000, 180000, 0, '2024-11-01', '14:45:00'),
(21, 'EMP001', 'CUS021', 200000, 200000, 0, '2024-11-01', '15:00:00'),
(22, 'EMP002', 'CUS022', 220000, 220000, 0, '2024-11-01', '15:15:00'),
(23, 'EMP003', 'CUS023', 210000, 210000, 0, '2024-11-01', '15:30:00'),
(24, 'EMP004', 'CUS024', 230000, 230000, 0, '2024-11-01', '15:45:00'),
(25, 'EMP001', 'CUS025', 240000, 240000, 0, '2024-11-01', '16:00:00'),
(26, 'EMP002', 'CUS026', 250000, 250000, 0, '2024-11-01', '16:15:00'),
(27, 'EMP003', 'CUS027', 260000, 260000, 0, '2024-11-01', '16:30:00'),
(28, 'EMP004', 'CUS028', 220000, 220000, 0, '2024-11-01', '16:45:00'),
(29, 'EMP001', 'CUS029', 230000, 230000, 0, '2024-11-01', '17:00:00'),
(30, 'EMP002', 'CUS030', 240000, 240000, 0, '2024-11-01', '17:15:00'),
(31, 'EMP003', 'CUS031', 250000, 250000, 0, '2024-11-01', '17:30:00'),
(32, 'EMP004', 'CUS032', 200000, 200000, 0, '2024-11-01', '17:45:00'),
(33, 'EMP001', 'CUS033', 270000, 270000, 0, '2024-11-01', '18:00:00'),
(34, 'EMP002', 'CUS034', 220000, 220000, 0, '2024-11-01', '18:15:00'),
(35, 'EMP003', 'CUS035', 240000, 240000, 0, '2024-11-01', '18:30:00'),
(36, 'EMP004', 'CUS036', 250000, 250000, 0, '2024-11-01', '18:45:00'),
(37, 'EMP001', 'CUS037', 230000, 230000, 0, '2024-11-01', '19:00:00'),
(38, 'EMP002', 'CUS038', 240000, 240000, 0, '2024-11-01', '19:15:00'),
(39, 'EMP003', 'CUS039', 220000, 220000, 0, '2024-11-01', '19:30:00'),
(40, 'EMP004', 'CUS040', 210000, 210000, 0, '2024-11-01', '19:45:00'),
(41, 'EMP001', 'CUS041', 180000, 180000, 0, '2024-11-01', '20:00:00'),
(42, 'EMP002', 'CUS042', 200000, 200000, 0, '2024-11-01', '20:15:00'),
(43, 'EMP003', 'CUS043', 230000, 230000, 0, '2024-11-01', '20:30:00'),
(44, 'EMP004', 'CUS044', 250000, 250000, 0, '2024-11-01', '20:45:00'),
(45, 'EMP001', 'CUS045', 260000, 260000, 0, '2024-11-01', '21:00:00'),
(46, 'EMP002', 'CUS046', 210000, 210000, 0, '2024-11-01', '21:15:00'),
(47, 'EMP003', 'CUS047', 220000, 220000, 0, '2024-11-01', '21:30:00'),
(48, 'EMP004', 'CUS048', 230000, 230000, 0, '2024-11-01', '21:45:00'),
(49, 'EMP001', 'CUS049', 200000, 200000, 0, '2024-11-01', '22:00:00'),
(50, 'EMP002', 'CUS050', 210000, 210000, 0, '2024-11-01', '22:15:00'),
(51, 'EMP003', 'CUS051', 220000, 220000, 0, '2024-11-01', '22:30:00');

INSERT INTO Restaurant.Receipt (Receipt_ID, Employee_ID, Customer_ID, Total_Amount, Payment, Change_Amount, Date, Time) VALUES
(52, 'EMP001', 'CUS001', 150000, 150000, 0, '2024-11-02', '10:00:00'),
(53, 'EMP002', 'CUS002', 200000, 200000, 0, '2024-11-02', '10:15:00'),
(54, 'EMP003', 'CUS003', 180000, 180000, 0, '2024-11-02', '10:30:00'),
(55, 'EMP004', 'CUS004', 220000, 220000, 0, '2024-11-02', '10:45:00'),
(56, 'EMP001', 'CUS005', 250000, 250000, 0, '2024-11-02', '11:00:00'),
(57, 'EMP002', 'CUS006', 210000, 210000, 0, '2024-11-02', '11:15:00'),
(58, 'EMP003', 'CUS007', 230000, 230000, 0, '2024-11-02', '11:30:00'),
(59, 'EMP004', 'CUS008', 190000, 190000, 0, '2024-11-02', '11:45:00'),
(60, 'EMP001', 'CUS009', 270000, 270000, 0, '2024-11-02', '12:00:00'),
(61, 'EMP002', 'CUS010', 260000, 260000, 0, '2024-11-02', '12:15:00'),
(62, 'EMP003', 'CUS011', 280000, 280000, 0, '2024-11-02', '12:30:00'),
(63, 'EMP004', 'CUS012', 240000, 240000, 0, '2024-11-02', '12:45:00'),
(64, 'EMP001', 'CUS013', 190000, 190000, 0, '2024-11-02', '13:00:00'),
(65, 'EMP002', 'CUS014', 220000, 220000, 0, '2024-11-02', '13:15:00'),
(66, 'EMP003', 'CUS015', 250000, 250000, 0, '2024-11-02', '13:30:00'),
(67, 'EMP004', 'CUS016', 210000, 210000, 0, '2024-11-02', '13:45:00'),
(68, 'EMP001', 'CUS017', 230000, 230000, 0, '2024-11-02', '14:00:00'),
(69, 'EMP002', 'CUS018', 240000, 240000, 0, '2024-11-02', '14:15:00'),
(70, 'EMP003', 'CUS019', 250000, 250000, 0, '2024-11-02', '14:30:00'),
(71, 'EMP004', 'CUS020', 180000, 180000, 0, '2024-11-02', '14:45:00'),
(72, 'EMP001', 'CUS021', 200000, 200000, 0, '2024-11-02', '15:00:00'),
(73, 'EMP002', 'CUS022', 220000, 220000, 0, '2024-11-02', '15:15:00'),
(74, 'EMP003', 'CUS023', 210000, 210000, 0, '2024-11-02', '15:30:00'),
(75, 'EMP004', 'CUS024', 230000, 230000, 0, '2024-11-02', '15:45:00'),
(76, 'EMP001', 'CUS025', 240000, 240000, 0, '2024-11-02', '16:00:00'),
(77, 'EMP002', 'CUS026', 250000, 250000, 0, '2024-11-02', '16:15:00'),
(78, 'EMP003', 'CUS027', 260000, 260000, 0, '2024-11-02', '16:30:00'),
(79, 'EMP004', 'CUS028', 220000, 220000, 0, '2024-11-02', '16:45:00'),
(80, 'EMP001', 'CUS029', 230000, 230000, 0, '2024-11-02', '17:00:00'),
(81, 'EMP002', 'CUS030', 240000, 240000, 0, '2024-11-02', '17:15:00'),
(82, 'EMP003', 'CUS031', 250000, 250000, 0, '2024-11-02', '17:30:00'),
(83, 'EMP004', 'CUS032', 200000, 200000, 0, '2024-11-02', '17:45:00');


INSERT INTO Restaurant.Receipt_Details (Receipt_ID, Customer_ID, Menu_ID, Quantity, Total_Price) VALUES
(1, 'CUS001', 1, 2, 30000),
(2, 'CUS002', 2, 1, 15000),
(3, 'CUS003', 3, 3, 45000),
(4, 'CUS004', 4, 1, 25000),
(5, 'CUS005', 5, 4, 50000),
(6, 'CUS006', 6, 2, 40000),
(7, 'CUS007', 7, 5, 60000),
(8, 'CUS008', 8, 3, 30000),
(9, 'CUS009', 9, 1, 15000),
(10, 'CUS010', 10, 4, 70000),
(11, 'CUS011', 11, 2, 30000),
(12, 'CUS012', 12, 5, 75000),
(13, 'CUS013', 13, 1, 25000),
(14, 'CUS014', 14, 2, 40000),
(15, 'CUS015', 15, 3, 45000),
(16, 'CUS016', 1, 3, 45000),
(17, 'CUS017', 2, 2, 30000),
(18, 'CUS018', 3, 1, 15000),
(19, 'CUS019', 4, 5, 75000),
(20, 'CUS020', 5, 4, 60000),
(21, 'CUS021', 6, 3, 45000),
(22, 'CUS022', 7, 2, 30000),
(23, 'CUS023', 8, 1, 15000),
(24, 'CUS024', 9, 4, 70000),
(25, 'CUS025', 10, 5, 75000),
(26, 'CUS026', 11, 3, 45000),
(27, 'CUS027', 12, 2, 30000),
(28, 'CUS028', 13, 1, 15000),
(29, 'CUS029', 14, 4, 50000),
(30, 'CUS030', 15, 2, 40000),
(31, 'CUS031', 1, 3, 45000),
(32, 'CUS032', 2, 1, 15000),
(33, 'CUS033', 3, 4, 60000),
(34, 'CUS034', 4, 5, 75000),
(35, 'CUS035', 5, 2, 30000),
(36, 'CUS036', 6, 3, 45000),
(37, 'CUS037', 7, 1, 15000),
(38, 'CUS038', 8, 4, 70000),
(39, 'CUS039', 9, 2, 30000),
(40, 'CUS040', 10, 1, 15000),
(41, 'CUS041', 11, 5, 75000),
(42, 'CUS042', 12, 3, 45000),
(43, 'CUS043', 13, 4, 60000),
(44, 'CUS044', 14, 1, 15000),
(45, 'CUS045', 15, 2, 40000),
(46, 'CUS046', 1, 5, 75000),
(47, 'CUS047', 2, 3, 45000),
(48, 'CUS048', 3, 4, 60000),
(49, 'CUS049', 4, 2, 30000),
(50, 'CUS050', 5, 1, 15000),
(51, 'CUS051', 6, 5, 75000),
(52, 'CUS001', 7, 2, 30000),
(53, 'CUS002', 8, 4, 70000),
(54, 'CUS003', 9, 1, 15000),
(55, 'CUS004', 10, 3, 45000),
(56, 'CUS005', 11, 4, 60000),
(57, 'CUS006', 12, 5, 75000),
(58, 'CUS007', 13, 2, 30000),
(59, 'CUS008', 14, 1, 15000),
(60, 'CUS009', 15, 3, 45000),
(61, 'CUS010', 1, 5, 75000),
(62, 'CUS011', 2, 4, 60000),
(63, 'CUS012', 3, 2, 30000),
(64, 'CUS013', 4, 1, 15000),
(65, 'CUS014', 5, 3, 45000),
(66, 'CUS015', 6, 5, 75000),
(67, 'CUS016', 7, 2, 30000),
(68, 'CUS017', 8, 4, 70000),
(69, 'CUS018', 9, 1, 15000),
(70, 'CUS019', 10, 3, 45000),
(71, 'CUS020', 11, 5, 75000),
(72, 'CUS021', 12, 2, 30000),
(73, 'CUS022', 13, 4, 60000),
(74, 'CUS023', 14, 1, 15000),
(75, 'CUS024', 15, 3, 45000),
(76, 'CUS025', 1, 5, 75000),
(77, 'CUS026', 2, 2, 30000),
(78, 'CUS027', 3, 4, 70000),
(79, 'CUS028', 4, 1, 15000),
(80, 'CUS029', 5, 3, 45000),
(81, 'CUS030', 6, 4, 60000),
(82, 'CUS031', 7, 5, 75000),
(83, 'CUS032', 8, 1, 15000);


INSERT INTO Restaurant.Receipt (Receipt_ID, Employee_ID, Customer_ID, Total_Amount, Payment, Change_Amount, Date, Time) VALUES
(84, 'EMP001', 'CUS001', 150000, 150000, 0, '2024-10-02', '10:00:00');



